﻿<?xml version="1.0" encoding="utf-8"?>
<Project ToolsVersion="4.0" DefaultTargets="Build" xmlns="http://schemas.microsoft.com/developer/msbuild/2003">
	<PropertyGroup>
		<Configuration Condition=" '$(Configuration)' == '' ">Debug</Configuration>
		<Platform Condition=" '$(Platform)' == '' ">AnyCPU</Platform>
		<ProductVersion>8.0.50727</ProductVersion>
		<SchemaVersion>2.0</SchemaVersion>
		<ProjectGuid></ProjectGuid>
		<OutputType>Library</OutputType>
		<AppDesignerFolder>Properties</AppDesignerFolder>
		<RootNamespace></RootNamespace>
		<AssemblyName></AssemblyName>
        <TargetFrameworkVersion>v4.5</TargetFrameworkVersion>
        <FileAlignment>512</FileAlignment>
	</PropertyGroup>
	<PropertyGroup Condition=" '$(Configuration)|$(Platform)' == 'Debug|AnyCPU' ">
		<DebugSymbols>true</DebugSymbols>
		<DebugType>full</DebugType>
		<Optimize>false</Optimize>
		<OutputPath>bin\Debug\</OutputPath>
		<DefineConstants>DEBUG;TRACE</DefineConstants>
		<ErrorReport>prompt</ErrorReport>
		<WarningLevel>4</WarningLevel>
	</PropertyGroup>
	<PropertyGroup Condition=" '$(Configuration)|$(Platform)' == 'Release|AnyCPU' ">
		<DebugType>pdbonly</DebugType>
		<Optimize>true</Optimize>
		<OutputPath>bin\Release\</OutputPath>
		<DefineConstants>TRACE</DefineConstants>
		<ErrorReport>prompt</ErrorReport>
		<WarningLevel>4</WarningLevel>
	</PropertyGroup>
	<ItemGroup>
		<Reference Include="System" />
    <Reference Include="System.Core" />
		<Reference Include="System.Data" />
		<Reference Include="System.Transactions" />
		<Reference Include="System.Xml" />
		<Reference Include="Framework, Version=1.0.0.0, Culture=neutral, processorArchitecture=MSIL">
			<SpecificVersion>False</SpecificVersion>
			<HintPath>Lib\SharpCore\Framework.dll</HintPath>
		</Reference>
		<!--<Reference Include="Dapper, Version=1.0.0.0, Culture=neutral, processorArchitecture=MSIL">
			<SpecificVersion>False</SpecificVersion>
			<HintPath>Lib\SharpCore\Dapper.dll</HintPath>
		</Reference>-->
	</ItemGroup>
	<ItemGroup>
		<Compile Include="Properties\AssemblyInfo.cs" />
	</ItemGroup>
    <ItemGroup>
        <EmbeddedResource Include="Lib\SharpCore\Framework.dll" />
        <!--<EmbeddedResource Include="Lib\SharpCore\Dapper.dll" />-->
    </ItemGroup>
	<Import Project="$(MSBuildBinPath)\Microsoft.CSharp.targets" />
</Project>